Source,ID,OI,Name,GradientBoosting,RandomForest,AdaBoost,XGBoost,LightGBM,Actual,score,gifs,nasa_url,educational_summary
TESS,8260536,5398.01,TOI-5398_b,CANDIDATE,CANDIDATE,CANDIDATE,CANDIDATE,CANDIDATE,CONFIRMED,0.003,https://detwet.com/gifs/tess/8260536.gif,https://eyes.nasa.gov/apps/exo/#/planet/TOI-5398_b,"A hot Jupiter-sized exoplanet (~11.6 Earth radii) orbiting a Sun-like star about 427 light-years away. With a 10.6-day orbit and a temperature near 920 K, it offers a clear example of inflated gas giants close to their stars, showing how stellar radiation can puff up planetary atmospheres."
KOI,12785320,K00298.01,Kepler-515 b,CONFIRMED,CANDIDATE,CONFIRMED,CANDIDATE,CONFIRMED,CONFIRMED,0.552,https://detwet.com/gifs/koi/12785320.gif,https://eyes.nasa.gov/apps/exo/#/planet/Kepler-515_b,"A small, likely rocky world (~1.5 Earth radii) with a ~20-day year. It’s a textbook transit case: shallow, periodic dips reveal its size and orbit—exactly the kind of signature TESS searches for on brighter stars to refine ephemerides and enable follow-up."
TESS,219016883,5238.01,TOI-5238_b,CANDIDATE,CANDIDATE,CANDIDATE,CANDIDATE,CANDIDATE,CONFIRMED,0.022,https://detwet.com/gifs/tess/219016883.gif,https://eyes.nasa.gov/apps/exo/#/planet/TOI-5238_b,"A warm sub-Saturn (~5.2 Earth radii, ~23 Earth masses) orbiting every 4.9 days around a Sun-like star. Located roughly 950 light-years away, it bridges the gap between Neptune-sized and Jupiter-sized planets, useful for studying how gas giants form and retain atmospheres at intermediate masses."
KOI,12644822,K00791.01,Kepler-682 b,CANDIDATE,CANDIDATE,CANDIDATE,CANDIDATE,CANDIDATE,CONFIRMED,0.364,https://detwet.com/gifs/koi/12644822.gif,https://eyes.nasa.gov/apps/exo/#/planet/Kepler-682_b,"A warm Neptune/sub-Saturn (~7.4 Earth radii) orbiting every ~12.6 days. TESS finds many cousins of this size, letting us compare how stellar heating puffs up atmospheres and where the population sits between Neptune- and Saturn-like planets."
TESS,100389539,4791.01,TOI-4791_b,CANDIDATE,CANDIDATE,CANDIDATE,CANDIDATE,CANDIDATE,CONFIRMED,0.127,https://detwet.com/gifs/tess/100389539.gif,https://eyes.nasa.gov/apps/exo/#/planet/TOI-4791_b,"A massive hot Jupiter (~2.3 Jupiter masses) orbiting its host every 4.28 days, reaching ~1470 K. At over 1,000 light-years away, it’s a textbook example of tidal locking and atmospheric inflation, illustrating how intense stellar heat sculpts gas giant properties and orbital dynamics."
KOI,12404305,K00486.01,Kepler-573 b,CONFIRMED,CONFIRMED,CONFIRMED,CONFIRMED,CONFIRMED,CONFIRMED,0.958,https://detwet.com/gifs/koi/12404305.gif,https://eyes.nasa.gov/apps/exo/#/planet/Kepler-573_b,A mini-Neptune (~2.8 Earth radii) on a ~22-day orbit. Its modest transit depth shows how radius scales with dip size; TESS applies the same method around nearby stars so we can probe clouds and hazes with transmission spectroscopy.
TESS,437856897,4603.01,TOI-4603_b,CANDIDATE,CANDIDATE,CANDIDATE,CANDIDATE,CANDIDATE,CONFIRMED,0.214,https://detwet.com/gifs/tess/437856897.gif,https://eyes.nasa.gov/apps/exo/#/planet/TOI-4603_b,"A high-mass companion (~13 Jupiter masses) near the brown dwarf boundary. Its detection demonstrates the blurred line between giant planets and failed stars, showing why mass and formation process are key in classification. Ideal for teaching about the transition between planetary and stellar physics."
KOI,12400538,K01503.01,Kepler-867 b,CONFIRMED,CONFIRMED,CONFIRMED,CONFIRMED,CONFIRMED,CONFIRMED,0.855,https://detwet.com/gifs/koi/12400538.gif,https://eyes.nasa.gov/apps/exo/#/planet/Kepler-867_b,"A sub-Neptune (~4.6 Earth radii) with a long ~150-day period—harder to catch because transits are rare. TESS sometimes nails these when multiple sectors line up, highlighting the trade-off between sky coverage and dwell time."
TESS,232608943,4600.02,TOI-4600_b,CANDIDATE,CANDIDATE,CANDIDATE,CANDIDATE,CONFIRMED,CONFIRMED,0.714,https://detwet.com/gifs/tess/232608943.gif,https://eyes.nasa.gov/apps/exo/#/planet/TOI-4600_b,"A multi-planet system around a Sun-like star about 700 light-years away. With two confirmed planets, it shows how TESS uncovers system architecture beyond single hot worlds—excellent for comparing orbital spacing and long-period planet detection limits."
KOI,12206313,K02714.01,Kepler-401 b,CONFIRMED,CONFIRMED,CONFIRMED,CONFIRMED,CONFIRMED,CONFIRMED,0.784,https://detwet.com/gifs/koi/12206313.gif,https://eyes.nasa.gov/apps/exo/#/planet/Kepler-401_b,A super-Earth (~1.7 Earth radii) in a multi-planet system. Systems like this let TESS measure transit-timing variations (TTVs) to estimate masses without radial-velocity data and to study compact orbital architectures.
TESS,354944123,4342.02,TOI-4342_b,CONFIRMED,CONFIRMED,CONFIRMED,CANDIDATE,CANDIDATE,CONFIRMED,0.343,https://detwet.com/gifs/tess/354944123.gif,https://eyes.nasa.gov/apps/exo/#/planet/TOI-4342_b,"A nearby exoplanet system only ~200 light-years away, discovered by TESS. It serves as an example of how small telescopes in space can detect subtle dips in brightness from close-in transiting planets, even around relatively bright stars, useful for follow-up spectroscopy."
KOI,12120307,K02597.01,Kepler-394 b,CONFIRMED,CONFIRMED,CANDIDATE,CONFIRMED,CONFIRMED,CONFIRMED,0.67,https://detwet.com/gifs/koi/12120307.gif,https://eyes.nasa.gov/apps/exo/#/planet/Kepler-394_b,"A likely super-Earth (~1.6 Earth radii) with an ~8-day orbit, near the ‘radius valley’ where planets transition from rocky to volatile-rich. TESS populates this valley with bright-host examples for precise interior modeling."
TESS,256722647,4329.01,TOI-4329_b,CANDIDATE,CANDIDATE,CANDIDATE,CANDIDATE,CANDIDATE,CONFIRMED,0.054,https://detwet.com/gifs/tess/256722647.gif,https://eyes.nasa.gov/apps/exo/#/planet/TOI-4329_b,A recently confirmed TESS planet showcasing the mission’s ability to find hot worlds around moderately bright stars. It provides an entry point for studying how orbital period and host star type influence equilibrium temperature and detectability.
KOI,12068975,K00623.03,Kepler-197 b,CONFIRMED,CONFIRMED,CANDIDATE,CONFIRMED,CONFIRMED,CONFIRMED,0.823,https://detwet.com/gifs/koi/12068975.gif,https://eyes.nasa.gov/apps/exo/#/planet/Kepler-197_b,"A small world (~1.26 Earth radii) with a ~10.35-day period in a four-planet system. TESS excels at untangling multiple shallow dips, building complete system maps and enabling dynamics studies."
TESS,257060897,4138.01,TOI-4138_b,CANDIDATE,CANDIDATE,CANDIDATE,CANDIDATE,CANDIDATE,CONFIRMED,0.022,https://detwet.com/gifs/tess/257060897.gif,https://eyes.nasa.gov/apps/exo/#/planet/TOI-4138_b,A 2021 TESS discovery that highlights early mission successes in detecting short-period transiting planets. It underscores how consistent monitoring across multiple sectors allows validation of small periodic dips caused by exoplanet transits.
KOI,12061969,K02061.02,Kepler-2001 b,CONFIRMED,CANDIDATE,CANDIDATE,CANDIDATE,CANDIDATE,CONFIRMED,0.432,https://detwet.com/gifs/koi/12061969.gif,https://eyes.nasa.gov/apps/exo/#/planet/Kepler-2001_b,"An ultra-short-period super-Earth (~1.19 Earth radii) circling in ~1.09 days. TESS is especially sensitive to these frequent transits, which are prime targets for phase-curve and heat-redistribution studies."
TESS,289661991,3807.01,TOI-3807_b,CANDIDATE,CANDIDATE,CANDIDATE,CANDIDATE,CANDIDATE,CONFIRMED,0.027,https://detwet.com/gifs/tess/289661991.gif,https://eyes.nasa.gov/apps/exo/#/planet/TOI-3807_b,"A newly confirmed TESS planet from 2023, representing ongoing catalog expansion as detection algorithms improve. It helps illustrate the continuous refinement of exoplanet demographics and the increasing detection of warm-to-temperate gas giants."
KOI,12058931,K00546.02,Kepler-182 b,CONFIRMED,CONFIRMED,CONFIRMED,CONFIRMED,CONFIRMED,CONFIRMED,0.779,https://detwet.com/gifs/koi/12058931.gif,https://eyes.nasa.gov/apps/exo/#/planet/Kepler-182_b,A mini-Neptune (~3.5 Earth radii) on a ~20.7-day orbit. Worlds like this help test atmospheric mass-loss theories (photoevaporation vs. core-powered loss) using TESS’s large comparative samples.
TESS,17865622,3540.01,TOI-3540_b,CANDIDATE,CANDIDATE,CANDIDATE,CANDIDATE,CANDIDATE,CONFIRMED,0.116,https://detwet.com/gifs/tess/17865622.gif,https://eyes.nasa.gov/apps/exo/#/planet/TOI-3540_b,"A 2022 TESS find demonstrating how moderate-size planets can orbit relatively bright stars, enabling high-quality light curves. It’s a prime teaching case for how host star brightness affects the precision of transit and radial velocity data."
KOI,12058204,K02218.02,Kepler-373 c,CONFIRMED,CONFIRMED,CANDIDATE,CONFIRMED,CONFIRMED,CONFIRMED,0.626,https://detwet.com/gifs/koi/12058204.gif,https://eyes.nasa.gov/apps/exo/#/planet/Kepler-373_c,"A super-Earth (~1.4 Earth radii) with a ~5.5-day orbit in a two-planet system. Short periods yield crisp, repeatable TESS transits for precise radius ratios and impact parameters—keys to interior and orbital modeling."
TESS,428699140,3082.01,TOI-3082_b,CANDIDATE,CANDIDATE,CONFIRMED,CANDIDATE,CANDIDATE,CONFIRMED,0.063,https://detwet.com/gifs/tess/428699140.gif,https://eyes.nasa.gov/apps/exo/#/planet/TOI-3082_b,"A 2023 TESS discovery located a few hundred light-years away, likely a warm Neptune or sub-Saturn. It exemplifies how exoplanets of similar size can have vastly different densities, helping illustrate the concept of planetary composition diversity."
KOI,12058147,K02072.01,Kepler-1082 b,CONFIRMED,CONFIRMED,CANDIDATE,CONFIRMED,CONFIRMED,CONFIRMED,0.854,https://detwet.com/gifs/koi/12058147.gif,https://eyes.nasa.gov/apps/exo/#/planet/Kepler-1082_b,"A hot, Earth-size/mini-super-Earth (~1.1–1.3 Earth radii) with a 1.54-day year. Frequent, shallow dips demonstrate how TESS’s box-least-squares searches recover tiny signals in noisy real-world light curves."
TESS,361343239,2977.01,TOI-2977_b,CANDIDATE,CANDIDATE,CANDIDATE,CANDIDATE,CANDIDATE,CONFIRMED,0.001,https://detwet.com/gifs/tess/361343239.gif,https://eyes.nasa.gov/apps/exo/#/planet/TOI-2977_b,"A recent TESS detection showing how mid-size planets close to their host stars can exhibit inflated radii. It’s valuable for lessons on stellar irradiation, atmospheric escape, and the physics of close-in planetary inflation."
KOI,11963206,K02820.01,Kepler-1357 b,CONFIRMED,CONFIRMED,CONFIRMED,CONFIRMED,CONFIRMED,CONFIRMED,0.79,https://detwet.com/gifs/koi/11963206.gif,https://eyes.nasa.gov/apps/exo/#/planet/Kepler-1357_b,"A ~1.3 Earth-radius world orbiting every ~3 days. TESS follow-up (RVs and high-resolution imaging) on similar small planets nails down densities, linking transit depth to composition (rocky vs. volatile-rich)."
TESS,178162579,2842.01,TOI-2842_b,CANDIDATE,CANDIDATE,CANDIDATE,CANDIDATE,CANDIDATE,CONFIRMED,0.005,https://detwet.com/gifs/tess/178162579.gif,https://eyes.nasa.gov/apps/exo/#/planet/TOI-2842_b,"A 2023 TESS discovery orbiting a Sun-like star with a short period. It demonstrates how modern transit surveys continue to fill the size gap between super-Earths and mini-Neptunes, supporting studies of the 'radius valley' in exoplanet populations."
KOI,11853878,K01833.03,Kepler-968 c,CONFIRMED,CONFIRMED,CONFIRMED,CONFIRMED,CONFIRMED,CONFIRMED,0.992,https://detwet.com/gifs/koi/11853878.gif,https://eyes.nasa.gov/apps/exo/#/planet/Kepler-968_c,"A sub-Neptune (~1.7 Earth radii) with a 5.71-day orbit around a cool star. TESS targets many M-dwarfs where smaller stellar radii make deeper, more easily characterized transits and stronger atmospheric signals."
TESS,220076110,2796.01,TOI-2796_b,CANDIDATE,CANDIDATE,CANDIDATE,CANDIDATE,CANDIDATE,CONFIRMED,0,https://detwet.com/gifs/tess/220076110.gif,https://eyes.nasa.gov/apps/exo/#/planet/TOI-2796_b,"A TESS detection from 2023 located within 500–1000 light-years. Likely a hot Neptune, it provides a case for understanding how stellar metallicity and temperature influence planetary formation and atmospheric composition."
KOI,11807274,K00262.01,Kepler-50 b,CONFIRMED,CONFIRMED,CONFIRMED,CONFIRMED,CONFIRMED,CONFIRMED,0.991,https://detwet.com/gifs/koi/11807274.gif,https://eyes.nasa.gov/apps/exo/#/planet/Kepler-50_b,"A ~1.75 Earth-radius planet with notable TTVs. TESS also observes TTVs in bright systems, allowing mass estimates from timing alone and giving insight into planet-planet interactions."
TESS,258920431,2567.01,TOI-2567_b,CANDIDATE,CANDIDATE,CANDIDATE,CANDIDATE,CANDIDATE,CONFIRMED,0.015,https://detwet.com/gifs/tess/258920431.gif,https://eyes.nasa.gov/apps/exo/#/planet/TOI-2567_b,"A TESS planet confirmed in 2022, representing the growing catalog of bright host stars. It serves as an example of how precise light curves from TESS support atmospheric follow-up observations with JWST and ground-based telescopes."
KOI,11764462,K01531.01,Kepler-884 b,CONFIRMED,CANDIDATE,CONFIRMED,CANDIDATE,CANDIDATE,CONFIRMED,0.41,https://detwet.com/gifs/koi/11764462.gif,https://eyes.nasa.gov/apps/exo/#/planet/Kepler-884_b,"A compact super-Earth (~1.23 Earth radii) on a 5.7-day orbit. Its shallow transit mirrors many TESS finds, where bright hosts yield exquisite radius precision for future atmospheric work."